{"train/epoch":2,"train/loss":1.644,"train_samples_per_second":0.992,"train_loss":1.6983996232350667,"_runtime":95.539685119,"train/learning_rate":1.9098300562505266e-08,"total_flos":7.9147012096e+10,"_timestamp":1.745148881980784e+09,"_step":6,"train/grad_norm":17.794197944420045,"train/global_step":6,"train_runtime":96.765,"train_steps_per_second":0.062,"_wandb":{"runtime":109}}